Result set,Fleet,Rank,Sailor,Published name,Sail number,Gender,Division,Club,Total,Net,Source notes,R1,R2,R3,R4,R5,R6,R7,R8,R9,R10,R11,R12,R13,R14,R15,R16,R17,R18,R19,R20,R21,R22,R23,R24,R25,R26,R27,R28,R29,R30,R31,R32,R33,R34,R35,R36,R37,R38,R39,R40,R41
series2,Windfoil,1,Angel Chew,Angel Chew,SGP 42,F,,Changi Sailing Club,26,17,,(1.0),(1.0),(2.0),1.0,1.0,1.0,1.0,(3.0),1.0,1.0,1.0,1.0,1.0,1.0,1.0,1.0,1.0,1.0,1.0,1.0,(2.0),1.0
series2,Windfoil,2,Angyal Chew,Angyal Chew,SGP,F,U19,Changi Sailing Club,41,31,,(2.0),(2.0),1.0,(2.0),(2.0),(2.0),2.0,1.0,2.0,2.0,2.0,2.0,2.0,2.0,2.0,2.0,2.0,2.0,2.0,2.0,1.0,2.0
series2,Windfoil,3,Jonas Haris Knick,Jonas Knick,SGP 39,M,U19,Constant Wind SeaSports,77,56,,3.0,3.0,3.0,3.0,(4.0),(4.0),3.0,2.0,3.0,3.0,(5.0),(4.0),(4.0),4.0,4.0,3.0,3.0,4.0,4.0,3.0,4.0,4.0
series2,Windfoil,4,Lukas Knick,Lukas Knick,SGP 31,M,U19,Constant Wind SeaSports,79,57,,(4.0),(5.0),(4.0),(4.0),3.0,3.0,(5.0),4.0,4.0,4.0,3.0,3.0,3.0,3.0,3.0,4.0,4.0,3.0,3.0,4.0,3.0,3.0
series2,Windfoil,5,Trevor Ng,Trevor Ng,SGP 21,M,U19,Constant Wind SeaSports,107,82,,(5.0),4.0,(5.0),(5.0),(5.0),(5.0),4.0,5.0,5.0,5.0,4.0,5.0,5.0,5.0,5.0,5.0,5.0,5.0,5.0,5.0,5.0,5.0
series2,Windfoil,6,John Tze Xiang Wong,John Tze Xiang Wong,SGP 2,M,U19,Aloha Sea Sports Centre,154,119,,(7.0 DNC),(7.0 DNC),(7.0 DNC),(7.0 DNC),(7.0 DNC),7.0 DNC,7.0 DNC,7.0 DNC,7.0 DNC,7.0 DNC,7.0 DNC,7.0 DNC,7.0 DNC,7.0 DNC,7.0 DNC,7.0 DNC,7.0 DNC,7.0 DNC,7.0 DNC,7.0 DNC,7.0 DNC,7.0 DNC
series2,Techno 293,1,Jun Ler Chuah,Jun Ler Chuah,16,M,,Aloha Sea Sports Centre,5,4,,(1.0),1.0,1.0,1.0,1.0
series2,Techno 293,2,Axl Tan,Axl Tan,SGP 82,M,,Constant Wind SeaSports,10,8,,(2.0),2.0,2.0,2.0,2.0
series2,Techno 293,3,Muhammad Razin,Muhammad Razin,3,M,,Constant Wind SeaSports,30,24,,(6.0 DNC),6.0 DNC,6.0 DNC,6.0 DNC,6.0 DNC
series2,Techno 293,3,Reynold Chan,Reynold Chan,52,M,,Constant Wind SeaSports,30,24,,(6.0 DNC),6.0 DNC,6.0 DNC,6.0 DNC,6.0 DNC
series2,Techno 293,3,Jonathan Chan,Jonathan Chan,1,M,,Constant Wind SeaSports,30,24,,(6.0 DNC),6.0 DNC,6.0 DNC,6.0 DNC,6.0 DNC
series2,Wingfoil,1,Jackson Ho,Jackson Ho,11,M,,Aloha Sea Sports Centre,43,16,,(1.0),1.0,1.0,1.0,(6.0),(2.0),1.0,1.0,1.0,(18.0 OCS),1.0,1.0,1.0,1.0,1.0,1.0,1.0,1.0,1.0,1.0
series2,Wingfoil,2,Ryusai Hatano,Ryusai Hatano,42,M,,Constant Wind SeaSports,69,36,,2.0,2.0,3.0,2.0,1.0,1.0,2.0,2.0,2.0,(18.0 OCS),3.0,(4.0),2.0,3.0,3.0,2.0,(7.0),3.0,(4.0),3.0
series2,Wingfoil,3,Guillaume Pichoir,Guillaume Pichoir,16,M,"Grand Master, Fun Open, Fun Master",ONE°15 Marina Club,79,44,,6.0,(8.0),2.0,(9.0),(11.0),3.0,3.0,3.0,4.0,1.0,2.0,2.0,6.0,2.0,2.0,(7.0),2.0,2.0,2.0,2.0
series2,Wingfoil,4,Ker Wan Chew,Chew Ker Wan,15,M,Grand Master,PAssion Wave (East Coast),112,58,,4.0,3.0,(11.0),3.0,2.0,(18.0 DNC),4.0,6.0,5.0,(18.0 OCS),4.0,3.0,3.0,4.0,(7.0),3.0,3.0,4.0,3.0,4.0
series2,Wingfoil,5,Felix Knick,Felix Knick,50,M,Master,Constant Wind SeaSports,110,69,,3.0,(5.0),4.0,(10.0),4.0,(8.0),5.0,4.0,3.0,(18.0 OCS),5.0,5.0,4.0,5.0,4.0,4.0,4.0,5.0,5.0,5.0
series2,Wingfoil,6,Sven Welak,Sven Welack,25,M,,Aloha Sea Sports Centre,131,87,,(18.0 DNF),4.0,6.0,6.0,5.0,4.0,(8.0),5.0,7.0,2.0,(8.0),(10.0),5.0,6.0,5.0,6.0,6.0,7.0,6.0,7.0
series2,Wingfoil,7,Arthur Phan,Arther Phan,29,M,Grand Master,Kitesurfing Association of Singapore,159,105,,(18.0 DNF),6.0,(18.0 OCS),7.0,7.0,6.0,7.0,7.0,6.0,3.0,(9.0),7.0,7.0,8.0,6.0,(9.0),9.0,6.0,7.0,6.0
series2,Wingfoil,8,Malo Pichoir,Malo Pichoir,6,M,"U16, U19, Fun Open",Aloha Sea Sports Centre,207,135,,(18.0 DNF),(18.0 DNF),10.0,8.0,8.0,(18.0 DNC),9.0,8.0,9.0,(18.0 OCS),10.0,9.0,9.0,7.0,8.0,8.0,8.0,8.0,8.0,8.0
series2,Wingfoil,9,Xavier Lau,Xavier Lau,38,M,,,238,166,,(18.0 DNF),(18.0 DNF),9.0,4.0,3.0,5.0,6.0,(18.0 DNC),(18.0 DNC),18.0 DNC,7.0,6.0,8.0,18.0 RET,18.0 RET,5.0,5.0,18.0 DNC,18.0 DNC,18.0 DNC
series2,Wingfoil,10,Mikhail McEntyre,Mikhail McEntyre,22,M,"U16, U19",Aloha Sea Sports Centre,261,189,,(18.0 DNF),(18.0 DNF),13.0,11.0,9.0,(18.0 DNC),(18.0 DNC),18.0 DNC,18.0 DNC,18.0 DNC,11.0,11.0,11.0,9.0,9.0,10.0,11.0,10.0,10.0,10.0
series2,Wingfoil,11,Greg McEntyre,Greg McEntyre,43,M,,Aloha Sea Sports Centre,279,207,,5.0,9.0,8.0,12.0,10.0,(18.0 DNC),(18.0 DNC),(18.0 DNC),(18.0 DNC),18.0 DNC,18.0 DNC,18.0 DNC,18.0 DNC,18.0 DNC,18.0 DNC,18.0 DNC,10.0,9.0,9.0,9.0
series2,Wingfoil,12,Bill Hickling,Bill Hickling,45,M,Grand Master,Aloha Sea Sports Centre,325,253,,(18.0 DNF),7.0,7.0,5.0,(18.0 DNF),(18.0 DNC),(18.0 DNC),18.0 DNC,18.0 DNC,18.0 DNC,18.0 DNC,18.0 DNC,18.0 DNC,18.0 DNC,18.0 DNC,18.0 DNC,18.0 DNC,18.0 DNC,18.0 DNC,18.0 DNC
series2,Wingfoil,13,Ryan Lo,Ryan Lo,17,M,,Aloha Sea Sports Centre,328,256,,(18.0 DNF),(18.0 DNF),5.0,(18.0 DNF),(18.0 DNF),18.0 DNC,18.0 DNC,9.0,8.0,18.0 OCS,18.0 DNC,18.0 DNC,18.0 DNC,18.0 DNC,18.0 DNC,18.0 DNC,18.0 DNC,18.0 DNC,18.0 DNC,18.0 DNC
series2,Wingfoil,14,Andrew Lees,Andrew Lees,24,M,Master,Aloha Sea Sports Centre,330,258,,(18.0 DNC),(18.0 DNC),(18.0 DNC),(18.0 DNC),18.0 DNC,18.0 DNC,18.0 DNC,18.0 DNC,18.0 DNC,18.0 DNC,6.0,8.0,10.0,18.0 RET,18.0 RET,18.0 DNC,18.0 DNC,18.0 DNC,18.0 DNC,18.0 DNC
series2,Wingfoil,15,Mason Qifeng Lau,Mason Lau,8,M,"U16, U19",,332,260,,(18.0 DNF),(18.0 DNF),12.0,13.0,12.0,7.0,(18.0 DNC),(18.0 DNC),18.0 DNC,18.0 DNC,18.0 DNF,18.0 DNS,18.0 DNS,18.0 RET,18.0 RET,18.0 DNC,18.0 DNC,18.0 DNC,18.0 DNC,18.0 DNC
series2,Wingfoil,16,James Feathers,James Feathers,19,M,Master,Constant Wind SeaSports,360,288,,(18.0 DNC),(18.0 DNC),(18.0 DNC),(18.0 DNC),18.0 DNC,18.0 DNC,18.0 DNC,18.0 DNC,18.0 DNC,18.0 DNC,18.0 DNC,18.0 DNC,18.0 DNC,18.0 DNC,18.0 DNC,18.0 DNC,18.0 DNC,18.0 DNC,18.0 DNC,18.0 DNC
series2,Wingfoil,16,Jun Hao Lo,Lo Jun Hao,21,M,,Aloha Sea Sports Centre,360,288,,(18.0 DNC),(18.0 DNC),(18.0 DNC),(18.0 DNC),18.0 DNC,18.0 DNC,18.0 DNC,18.0 DNC,18.0 DNC,18.0 DNC,18.0 DNC,18.0 DNC,18.0 DNC,18.0 DNC,18.0 DNC,18.0 DNC,18.0 DNC,18.0 DNC,18.0 DNC,18.0 DNC
combined,Techno 293,1,Axl Tan,Axl Tan,SGP 82,M,,Constant Wind SeaSports,110,74,,2.0,2.0,3.0,3.0,3.0,4.0,3.0,2.0,2.0,2.0,2.0,2.0,2.0,2.0,2.0,2.0,2.0,2.0,2.0,2.0,2.0,2.0,2.0,2.0,2.0,(6.0 DNC),(6.0 DNC),(6.0 DNC),(6.0 DNC),(6.0 DNC),(6.0 DNC),6.0 DNC,6.0 DNC,6.0 DNC
combined,Techno 293,2,Jonathan Chan,Jonathan Chan,1,M,,Constant Wind SeaSports,126,90,,(6.0 DNC),(6.0 RET),4.0,2.0,(6.0 OCS),3.0,2.0,1.0,1.0,1.0,1.0,1.0,1.0,1.0,1.0,1.0,1.0,1.0,1.0,1.0,(6.0 DNC),(6.0 DNC),(6.0 DNC),6.0 DNC,6.0 DNC,6.0 DNC,6.0 DNC,6.0 DNC,6.0 DNC,6.0 DNC,6.0 DNC,6.0 DNC,6.0 DNC,6.0 DNC
combined,Techno 293,3,Muhammad Razin,Muhammad Razin,3,M,,Constant Wind SeaSports,140,104,,(6.0 DNC),3.0,2.0,4.0,2.0,2.0,4.0,(6.0 DNC),(6.0 DNC),(6.0 DNC),(6.0 DNC),(6.0 DNC),6.0 DNC,6.0 DNC,6.0 DNC,6.0 DNC,6.0 DNC,6.0 DNC,6.0 DNC,6.0 DNC,6.0 DNC,6.0 DNC,6.0 DNC,6.0 DNC,6.0 DNC,1.0,1.0,1.0,1.0,1.0,1.0,1.0,1.0,1.0
combined,Techno 293,4,Reynold Chan,Reynold Chan,52,M,,Constant Wind SeaSports,169,133,,1.0,1.0,1.0,1.0,1.0,1.0,1.0,(6.0 DNC),(6.0 DNC),(6.0 DNC),(6.0 DNC),(6.0 DNC),(6.0 DNC),6.0 DNC,6.0 DNC,6.0 DNC,6.0 DNC,6.0 DNC,6.0 DNC,6.0 DNC,6.0 DNC,6.0 DNC,6.0 DNC,6.0 DNC,6.0 DNC,6.0 DNC,6.0 DNC,6.0 DNC,6.0 DNC,6.0 DNC,6.0 DNC,6.0 DNC,6.0 DNC,6.0 DNC
combined,Techno 293,5,Jun Ler Chuah,Jun Ler Chuah,16,M,,Aloha Sea Sports Centre,179,143,,(6.0 DNC),(6.0 DNC),(6.0 DNC),(6.0 DNC),(6.0 DNC),(6.0 DNC),6.0 DNC,6.0 DNC,6.0 DNC,6.0 DNC,6.0 DNC,6.0 DNC,6.0 DNC,6.0 DNC,6.0 DNC,6.0 DNC,6.0 DNC,6.0 DNC,6.0 DNC,6.0 DNC,1.0,1.0,1.0,1.0,1.0,6.0 DNC,6.0 DNC,6.0 DNC,6.0 DNC,6.0 DNC,6.0 DNC,6.0 DNC,6.0 DNC,6.0 DNC
combined,Wingfoil,1,Jackson Ho,Jackson Ho,11,M,,Aloha Sea Sports Centre,66.5,37.0,Published gross 66.5 and net 37 differ from displayed race sums 62 and 30. Preserved as published; no correction inferred.,1.0,1.0,1.0,1.0,1.0,1.0,1.0,1.0,1.0,1.0,1.0,1.0,(6.0),(2.0),1.0,1.0,1.0,(20.0 OCS),1.0,1.0,1.0,1.0,1.0,1.0,1.0,1.0,1.0,1.0,(1.0),(1.0),(1.0),(1.0),1.0,1.0,1.0,1.0,1.0
combined,Wingfoil,2,Ker Wan Chew,Chew Ker Wan,15,M,Master,PAssion Wave (East Coast),196.0,92.0,,2.0,2.0,3.0,2.0,2.0,2.0,(20.0 DNF),(20.0 DNC),4.0,3.0,(11.0),3.0,2.0,(20.0 DNC),4.0,(6.0),5.0,(20.0 OCS),4.0,3.0,3.0,4.0,(7.0),3.0,3.0,4.0,3.0,4.0,3.0,3.0,3.0,3.0,3.0,3.0,3.0,3.0,3.0
combined,Wingfoil,3,Guillaume Pichoir,Guillaume Pichoir,16,M,Grand Master,ONE°15 Marina Club,248.0,108.0,,(20.0 DNC),(20.0 DNC),(20.0 DNC),(20.0 DNC),(20.0 DNC),(20.0 DNC),(20.0 DNC),20.0,6.0,8.0,2.0,9.0,11.0,3.0,3.0,3.0,4.0,1.0,2.0,2.0,6.0,2.0,2.0,7.0,2.0,2.0,2.0,2.0,1.0,1.0,1.0,1.0,1.0,1.0,1.0,1.0,1.0
combined,Wingfoil,4,Sven Welak,Sven Welack,25,M,,Aloha Sea Sports Centre,329.0,189.0,,(20.0 DNC),(20.0 DNC),(20.0 DNC),(20.0 DNC),(20.0 DNC),(20.0 DNC),(20.0 DNC),20.0 DNC,20.0 DNF,4.0,6.0,6.0,5.0,4.0,8.0,5.0,7.0,2.0,8.0,10.0,5.0,6.0,5.0,6.0,6.0,7.0,6.0,7.0,4.0,4.0,4.0,4.0,4.0,4.0,4.0,4.0,4.0
combined,Wingfoil,5,Felix Knick,Felix Knick,50,M,Master,Constant Wind SeaSports,331.0,191.0,,3.0,3.0,2.0,3.0,3.0,3.0,(20.0 RET),2.0,3.0,5.0,4.0,10.0,4.0,8.0,5.0,4.0,3.0,(20.0 OCS),5.0,5.0,4.0,5.0,4.0,4.0,4.0,5.0,5.0,5.0,(20.0 DNC),(20.0 DNC),(20.0 DNC),(20.0 DNC),(20.0 DNC),20.0 DNC,20.0 DNC,20.0 DNC,20.0 DNC
combined,Wingfoil,6,Ryusai Hatano,Ryusai Hatano,42,M,Fun,Constant Wind SeaSports,411.0,271.0,,(20.0 DNC),(20.0 DNC),(20.0 DNC),(20.0 DNC),(20.0 DNC),(20.0 DNC),(20.0 DNC),20.0 DNC,2.0,2.0,3.0,2.0,1.0,1.0,2.0,2.0,2.0,20.0 OCS,3.0,4.0,2.0,3.0,3.0,2.0,7.0,3.0,4.0,3.0,20.0 DNC,20.0 DNC,20.0 DNC,20.0 DNC,20.0 DNC,20.0 DNC,20.0 DNC,20.0 DNC,20.0 DNC
combined,Wingfoil,7,Arthur Phan,Arther Phan,29,M,Grand Master,Kitesurfing Association of Singapore,503.0,363.0,,(20.0 DNC),(20.0 DNC),(20.0 DNC),(20.0 DNC),(20.0 DNC),(20.0 DNC),(20.0 DNC),20.0 DNC,20.0 DNF,6.0,20.0 OCS,7.0,7.0,6.0,7.0,7.0,6.0,3.0,9.0,7.0,7.0,8.0,6.0,9.0,9.0,6.0,7.0,6.0,20.0 DNC,20.0 DNC,20.0 DNC,20.0 DNC,20.0 DNC,20.0 DNC,20.0 DNC,20.0 DNC,20.0 DNC
combined,Wingfoil,8,Malo Pichoir,Malo Pichoir,6,M,"u16,u19, Fun Open",Aloha Sea Sports Centre,555.0,415.0,,(20.0 DNC),(20.0 DNC),(20.0 DNC),(20.0 DNC),(20.0 DNC),(20.0 DNC),(20.0 DNC),20.0 DNC,20.0 DNF,20.0 DNF,10.0,8.0,8.0,20.0 DNC,9.0,8.0,9.0,20.0 OCS,10.0,9.0,9.0,7.0,8.0,8.0,8.0,8.0,8.0,8.0,20.0 DNC,20.0 DNC,20.0 DNC,20.0 DNC,20.0 DNC,20.0 DNC,20.0 DNC,20.0 DNC,20.0 DNC
combined,Wingfoil,9,Xavier Lau,Xavier Lau,38,M,,,598.0,458.0,,(20.0 DNC),(20.0 DNC),(20.0 DNC),(20.0 DNC),(20.0 DNC),(20.0 DNC),(20.0 DNC),20.0 DNC,20.0 DNF,20.0 DNF,9.0,4.0,3.0,5.0,6.0,20.0 DNC,20.0 DNC,20.0 DNC,7.0,6.0,8.0,20.0 RET,20.0 RET,5.0,5.0,20.0 DNC,20.0 DNC,20.0 DNC,20.0 DNC,20.0 DNC,20.0 DNC,20.0 DNC,20.0 DNC,20.0 DNC,20.0 DNC,20.0 DNC,20.0 DNC
combined,Wingfoil,10,Mikhail McEntyre,Mikhail McEntyre,22,M,"u16, u19",Aloha Sea Sports Centre,615.0,475.0,,(20.0 DNC),(20.0 DNC),(20.0 DNC),(20.0 DNC),(20.0 DNC),(20.0 DNC),(20.0 DNC),20.0 DNC,20.0 DNF,20.0 DNF,13.0,11.0,9.0,20.0 DNC,20.0 DNC,20.0 DNC,20.0 DNC,20.0 DNC,11.0,11.0,11.0,9.0,9.0,10.0,11.0,10.0,10.0,10.0,20.0 DNC,20.0 DNC,20.0 DNC,20.0 DNC,20.0 DNC,20.0 DNC,20.0 DNC,20.0 DNC,20.0 DNC
combined,Wingfoil,11,Greg McEntyre,Greg McEntyre,43,M,Fun Master,Aloha Sea Sports Centre,641.0,501.0,,(20.0 DNC),(20.0 DNC),(20.0 DNC),(20.0 DNC),(20.0 DNC),(20.0 DNC),(20.0 DNC),20.0 DNC,5.0,9.0,8.0,12.0,10.0,20.0 DNC,20.0 DNC,20.0 DNC,20.0 DNC,20.0 DNC,20.0 DNC,20.0 DNC,20.0 DNC,20.0 DNC,20.0 DNC,20.0 DNC,10.0,9.0,9.0,9.0,20.0 DNC,20.0 DNC,20.0 DNC,20.0 DNC,20.0 DNC,20.0 DNC,20.0 DNC,20.0 DNC,20.0 DNC
combined,Wingfoil,12,Bill Hickling,Bill Hickling,45,M,Grand Master,Aloha Sea Sports Centre,699.0,559.0,,(20.0 DNC),(20.0 DNC),(20.0 DNC),(20.0 DNC),(20.0 DNC),(20.0 DNC),(20.0 DNC),20.0 DNC,20.0 DNF,7.0,7.0,5.0,20.0 DNF,20.0 DNC,20.0 DNC,20.0 DNC,20.0 DNC,20.0 DNC,20.0 DNC,20.0 DNC,20.0 DNC,20.0 DNC,20.0 DNC,20.0 DNC,20.0 DNC,20.0 DNC,20.0 DNC,20.0 DNC,20.0 DNC,20.0 DNC,20.0 DNC,20.0 DNC,20.0 DNC,20.0 DNC,20.0 DNC,20.0 DNC,20.0 DNC
combined,Wingfoil,13,Ryan Lo,Ryan Lo,17,M,,Aloha Sea Sports Centre,702.0,562.0,,(20.0 DNC),(20.0 DNC),(20.0 DNC),(20.0 DNC),(20.0 DNC),(20.0 DNC),(20.0 DNC),20.0 DNC,20.0 DNF,20.0 DNF,5.0,20.0 DNF,20.0 DNF,20.0 DNC,20.0 DNC,9.0,8.0,20.0 OCS,20.0 DNC,20.0 DNC,20.0 DNC,20.0 DNC,20.0 DNC,20.0 DNC,20.0 DNC,20.0 DNC,20.0 DNC,20.0 DNC,20.0 DNC,20.0 DNC,20.0 DNC,20.0 DNC,20.0 DNC,20.0 DNC,20.0 DNC,20.0 DNC,20.0 DNC
combined,Wingfoil,14,Andrew Lees,Andrew Lees,24,M,Master,Aloha Sea Sports Centre,704.0,564.0,,(20.0 DNC),(20.0 DNC),(20.0 DNC),(20.0 DNC),(20.0 DNC),(20.0 DNC),(20.0 DNC),20.0 DNC,20.0 DNC,20.0 DNC,20.0 DNC,20.0 DNC,20.0 DNC,20.0 DNC,20.0 DNC,20.0 DNC,20.0 DNC,20.0 DNC,6.0,8.0,10.0,20.0 RET,20.0 RET,20.0 DNC,20.0 DNC,20.0 DNC,20.0 DNC,20.0 DNC,20.0 DNC,20.0 DNC,20.0 DNC,20.0 DNC,20.0 DNC,20.0 DNC,20.0 DNC,20.0 DNC,20.0 DNC
combined,Wingfoil,15,Mason Qifeng Lau,Mason Lau,8,M,"u16, u19",,704.0,564.0,,(20.0 DNC),(20.0 DNC),(20.0 DNC),(20.0 DNC),(20.0 DNC),(20.0 DNC),(20.0 DNC),20.0 DNC,20.0 DNF,20.0 DNF,12.0,13.0,12.0,7.0,20.0 DNC,20.0 DNC,20.0 DNC,20.0 DNC,20.0 DNF,20.0 DNS,20.0 DNS,20.0 RET,20.0 RET,20.0 DNC,20.0 DNC,20.0 DNC,20.0 DNC,20.0 DNC,20.0 DNC,20.0 DNC,20.0 DNC,20.0 DNC,20.0 DNC,20.0 DNC,20.0 DNC,20.0 DNC,20.0 DNC
combined,Wingfoil,16,Sven Welak,Sven Welack,25,M,Fun,Aloha Sea Sports Centre,740.0,600.0,,(20.0 DNC),(20.0 DNC),(20.0 DNC),(20.0 DNC),(20.0 DNC),(20.0 DNC),(20.0 DNC),20.0 DNC,20.0 DNC,20.0 DNC,20.0 DNC,20.0 DNC,20.0 DNC,20.0 DNC,20.0 DNC,20.0 DNC,20.0 DNC,20.0 DNC,20.0 DNC,20.0 DNC,20.0 DNC,20.0 DNC,20.0 DNC,20.0 DNC,20.0 DNC,20.0 DNC,20.0 DNC,20.0 DNC,20.0 DNC,20.0 DNC,20.0 DNC,20.0 DNC,20.0 DNC,20.0 DNC,20.0 DNC,20.0 DNC,20.0 DNC
combined,Wingfoil,16,Jun Hao Lo,Lo Jun Hao,21,M,Fun,Aloha Sea Sports Centre,740.0,600.0,,(20.0 DNC),(20.0 DNC),(20.0 DNC),(20.0 DNC),(20.0 DNC),(20.0 DNC),(20.0 DNC),20.0 DNC,20.0 DNC,20.0 DNC,20.0 DNC,20.0 DNC,20.0 DNC,20.0 DNC,20.0 DNC,20.0 DNC,20.0 DNC,20.0 DNC,20.0 DNC,20.0 DNC,20.0 DNC,20.0 DNC,20.0 DNC,20.0 DNC,20.0 DNC,20.0 DNC,20.0 DNC,20.0 DNC,20.0 DNC,20.0 DNC,20.0 DNC,20.0 DNC,20.0 DNC,20.0 DNC,20.0 DNC,20.0 DNC,20.0 DNC
combined,Wingfoil,16,Jun Hao Lo,Lo Jun Hao,21,M,Master,Aloha Sea Sports Centre,740.0,600.0,,(20.0 DNC),(20.0 DNC),(20.0 DNC),(20.0 DNC),(20.0 DNC),(20.0 DNC),(20.0 DNC),20.0 DNC,20.0 DNC,20.0 DNC,20.0 DNC,20.0 DNC,20.0 DNC,20.0 DNC,20.0 DNC,20.0 DNC,20.0 DNC,20.0 DNC,20.0 DNC,20.0 DNC,20.0 DNC,20.0 DNC,20.0 DNC,20.0 DNC,20.0 DNC,20.0 DNC,20.0 DNC,20.0 DNC,20.0 DNC,20.0 DNC,20.0 DNC,20.0 DNC,20.0 DNC,20.0 DNC,20.0 DNC,20.0 DNC,20.0 DNC
combined,Wingfoil,16,James Feathers,James Feathers,19,M,Master,Constant Wind SeaSports,740.0,600.0,,(20.0 DNC),(20.0 DNC),(20.0 DNC),(20.0 DNC),(20.0 DNC),(20.0 DNC),(20.0 DNC),20.0 DNC,20.0 DNC,20.0 DNC,20.0 DNC,20.0 DNC,20.0 DNC,20.0 DNC,20.0 DNC,20.0 DNC,20.0 DNC,20.0 DNC,20.0 DNC,20.0 DNC,20.0 DNC,20.0 DNC,20.0 DNC,20.0 DNC,20.0 DNC,20.0 DNC,20.0 DNC,20.0 DNC,20.0 DNC,20.0 DNC,20.0 DNC,20.0 DNC,20.0 DNC,20.0 DNC,20.0 DNC,20.0 DNC,20.0 DNC
combined,Windfoil,1,Angel Chew,Angel Chew,SGP 42,F,,Changi Sailing Club,53,38,,(2.0),(2.0),(2.0),(2.0),(2.0),(2.0),2.0,1.0,1.0,2.0,1.0,1.0,2,1,1.0,1.0,1.0,(3.0),1.0,1.0,1.0,1.0,1.0,1.0,1.0,1.0,1.0,1.0,2.0,1.0,1.0,1.0,1.0,1.0,1.0,1.0,1.0,1.0,1.0,1.0,1.0
combined,Windfoil,2,Angyal Chew,Angyal Chew,SGP,F,U19,Changi Sailing Club,92,67,,(3.0),(3.0),(3.0),(3.0),(3.0),(3.0),3.0,(7.0 OCS),2.0,3.0,2.0,2.0,1.0,2.0,2.0,2.0,2.0,1.0,2.0,2.0,2.0,2.0,2.0,2.0,2.0,2.0,2.0,2.0,2.0,2.0,2.0,2.0,1.0,2.0,2.0,2.0,2.0,2.0,2.0,2.0,2.0
combined,Windfoil,3,Jonas Haris Knick,Jonas Knick,SGP 39,M,U19,Constant Wind SeaSports,178,129,,4.0,4.0,4.0,4.0,4.0,4.0,4.0,3.0,3.0,4.0,3.0,3.0,3.0,3.0,4.0,4.0,3.0,2.0,3.0,3.0,5.0,4.0,4.0,4.0,4.0,3.0,3.0,4.0,4.0,3.0,4.0,4.0,(7.0 DNC),(7.0 DNC),(7.0 DNC),(7.0 DNC),(7.0 DNC),(7.0 DNC),(7.0 DNC),7.0 DNC,7.0 DNC
combined,Windfoil,4,Lukas Knick,Lukas Knick,SGP 31,M,U19,Constant Wind SeaSports,195,146,,5.0,5.0,5.0,5.0,5.0,5,6,4.0,(7.0 DNF),6.0,4.0,5.0,4.0,4.0,3.0,3.0,5.0,4.0,4.0,4.0,3.0,3.0,3.0,3.0,3.0,4.0,4.0,3.0,3.0,4.0,3.0,3.0,(7.0 DNC),(7.0 DNC),(7.0 DNC),(7.0 DNC),(7.0 DNC),(7.0 DNC),7.0 DNC,7.0 DNC,7.0 DNC
combined,Windfoil,5,Trevor Ng,Trevor Ng,SGP 21,M,U19,Constant Wind SeaSports,225,176,,6,6,6,6,6,6,5,5,4,5,5,4,5,5,5,5,4,5,5,5,4,5,5,5,5,5,5,5,5,5,5,5,(7.0 DNC),(7.0 DNC),(7.0 DNC),(7.0 DNC),(7.0 DNC),(7.0 DNC),(7.0 DNC),7.0 DNC,7.0 DNC
combined,Windfoil,6,John Tze Xiang Wong,John Tze Xiang Wong,SGP 2,M,U19,Aloha Sea Sports Centre,234,185,,1.0,1.0,1.0,1.0,1.0,1.0,1.0,2.0,(7.0 OCS),1.0,(7.0 DNC),(7.0 DNC),(7.0 DNC),(7.0 DNC),(7.0 DNC),(7.0 DNC),7.0 DNC,7.0 DNC,7.0 DNC,7.0 DNC,7.0 DNC,7.0 DNC,7.0 DNC,7.0 DNC,7.0 DNC,7.0 DNC,7.0 DNC,7.0 DNC,7.0 DNC,7.0 DNC,7.0 DNC,7.0 DNC,7.0 DNC,7.0 DNC,7.0 DNC,7.0 DNC,7.0 DNC,7.0 DNC,7.0 DNC,7.0 DNC,7.0 DNC
gps,Windfoil,1,Angel Chew,Angel Chew,SGP 42,F,,Changi Sailing Club,9,7,,(1.0),(1.0),1.0,1.0,1.0,1.0,1.0,1.0,1.0
gps,Windfoil,2,Angyal Chew,Angyal Chew,SGP,F,U19,Changi Sailing Club,18,14,,(2.0),(2.0),2.0,2.0,2.0,2.0,2.0,2.0,2.0
gps,Windfoil,3,Jonas Haris Knick,Jonas Knick,SGP 39,M,U19,Constant Wind SeaSports,63,49,,(7.0 DNC),(7.0 DNC),7.0 DNC,7.0 DNC,7.0 DNC,7.0 DNC,7.0 DNC,7.0 DNC,7.0 DNC
gps,Windfoil,3,Lukas Knick,Lukas Knick,SGP 31,M,U19,Constant Wind SeaSports,63,49,,(7.0 DNC),(7.0 DNC),7.0 DNC,7.0 DNC,7.0 DNC,7.0 DNC,7.0 DNC,7.0 DNC,7.0 DNC
gps,Windfoil,3,Trevor Ng,Trevor Ng,SGP 21,M,U19,Constant Wind SeaSports,63,49,,(7.0 DNC),(7.0 DNC),7.0 DNC,7.0 DNC,7.0 DNC,7.0 DNC,7.0 DNC,7.0 DNC,7.0 DNC
gps,Windfoil,3,John Tze Xiang Wong,John Tze Xiang Wong,SGP 2,M,U19,Aloha Sea Sports Centre,63,49,,(7.0 DNC),(7.0 DNC),7.0 DNC,7.0 DNC,7.0 DNC,7.0 DNC,7.0 DNC,7.0 DNC,7.0 DNC
gps,Techno 293,2,Jun Ler Chuah,Jun Ler Chuah,16,M,,Aloha Sea Sports Centre,54,42,,(6.0 DNC),(6.0 DNC),6.0 DNC,6.0 DNC,6.0 DNC,6.0 DNC,6.0 DNC,6.0 DNC,6.0 DNC
gps,Techno 293,2,Axl Tan,Axl Tan,SGP 82,M,,Constant Wind SeaSports,54,42,,(6.0 DNC),(6.0 DNC),6.0 DNC,6.0 DNC,6.0 DNC,6.0 DNC,6.0 DNC,6.0 DNC,6.0 DNC
gps,Techno 293,1,Muhammad Razin,Muhammad Razin,3,M,,Constant Wind SeaSports,9,7,,(1.0),(1.0),1.0,1.0,1.0,1.0,1.0,1.0,1.0
gps,Techno 293,2,Reynold Chan,Reynold Chan,52,M,,Constant Wind SeaSports,54,42,,(6.0 DNC),(6.0 DNC),6.0 DNC,6.0 DNC,6.0 DNC,6.0 DNC,6.0 DNC,6.0 DNC,6.0 DNC
gps,Techno 293,2,Jonathan Chan,Jonathan Chan,1,M,,Constant Wind SeaSports,54,42,,(6.0 DNC),(6.0 DNC),6.0 DNC,6.0 DNC,6.0 DNC,6.0 DNC,6.0 DNC,6.0 DNC,6.0 DNC
gps,Wingfoil,1,Jackson Ho,Jackson Ho,11,M,,Aloha Sea Sports Centre,9,7,,(1.0),(1.0),1.0,1.0,1.0,1.0,1.0,1.0,1.0
gps,Wingfoil,5,Ryusai Hatano,Ryusai Hatano,42,M,,Constant Wind SeaSports,162,126,,(18.0 DNC),(18.0 DNC),18.0 DNC,18.0 DNC,18.0 DNC,18.0 DNC,18.0 DNC,18.0 DNC,18.0 DNC
gps,Wingfoil,1,Guillaume Pichoir,Guillaume Pichoir,16,M,"Grand Master, Fun Open, Fun Master",ONE°15 Marina Club,9,7,,(1.0),(1.0),1.0,1.0,1.0,1.0,1.0,1.0,1.0
gps,Wingfoil,3,Ker Wan Chew,Chew Ker Wan,15,M,Grand Master,PAssion Wave (East Coast),27,21,,(3.0),(3.0),3.0,3.0,3.0,3.0,3.0,3.0,3.0
gps,Wingfoil,5,Felix Knick,Felix Knick,50,M,Master,Constant Wind SeaSports,162,126,,(18.0 DNC),(18.0 DNC),18.0 DNC,18.0 DNC,18.0 DNC,18.0 DNC,18.0 DNC,18.0 DNC,18.0 DNC
gps,Wingfoil,4,Sven Welak,Sven Welack,25,M,,Aloha Sea Sports Centre,36,28,,(4.0),(4.0),4.0,4.0,4.0,4.0,4.0,4.0,4.0
gps,Wingfoil,5,Arthur Phan,Arther Phan,29,M,Grand Master,Kitesurfing Association of Singapore,162,126,,(18.0 DNC),(18.0 DNC),18.0 DNC,18.0 DNC,18.0 DNC,18.0 DNC,18.0 DNC,18.0 DNC,18.0 DNC
gps,Wingfoil,5,Malo Pichoir,Malo Pichoir,6,M,"U16, U19, Fun Open",Aloha Sea Sports Centre,162,126,,(18.0 DNC),(18.0 DNC),18.0 DNC,18.0 DNC,18.0 DNC,18.0 DNC,18.0 DNC,18.0 DNC,18.0 DNC
gps,Wingfoil,5,Xavier Lau,Xavier Lau,38,M,,,162,126,,(18.0 DNC),(18.0 DNC),18.0 DNC,18.0 DNC,18.0 DNC,18.0 DNC,18.0 DNC,18.0 DNC,18.0 DNC
gps,Wingfoil,5,Mikhail McEntyre,Mikhail McEntyre,22,M,"U16, U19",Aloha Sea Sports Centre,162,126,,(18.0 DNC),(18.0 DNC),18.0 DNC,18.0 DNC,18.0 DNC,18.0 DNC,18.0 DNC,18.0 DNC,18.0 DNC
gps,Wingfoil,5,Greg McEntyre,Greg McEntyre,43,M,,Aloha Sea Sports Centre,162,126,,(18.0 DNC),(18.0 DNC),18.0 DNC,18.0 DNC,18.0 DNC,18.0 DNC,18.0 DNC,18.0 DNC,18.0 DNC
gps,Wingfoil,5,Bill Hickling,Bill Hickling,45,M,Grand Master,Aloha Sea Sports Centre,162,126,,(18.0 DNC),(18.0 DNC),18.0 DNC,18.0 DNC,18.0 DNC,18.0 DNC,18.0 DNC,18.0 DNC,18.0 DNC
gps,Wingfoil,5,Ryan Lo,Ryan Lo,17,M,,Aloha Sea Sports Centre,162,126,,(18.0 DNC),(18.0 DNC),18.0 DNC,18.0 DNC,18.0 DNC,18.0 DNC,18.0 DNC,18.0 DNC,18.0 DNC
gps,Wingfoil,5,Andrew Lees,Andrew Lees,24,M,Master,Aloha Sea Sports Centre,162,126,,(18.0 DNC),(18.0 DNC),18.0 DNC,18.0 DNC,18.0 DNC,18.0 DNC,18.0 DNC,18.0 DNC,18.0 DNC
gps,Wingfoil,5,Mason Qifeng Lau,Mason Lau,8,M,"U16, U19",,162,126,,(18.0 DNC),(18.0 DNC),18.0 DNC,18.0 DNC,18.0 DNC,18.0 DNC,18.0 DNC,18.0 DNC,18.0 DNC
gps,Wingfoil,5,James Feathers,James Feathers,19,M,Master,Constant Wind SeaSports,162,126,,(18.0 DNC),(18.0 DNC),18.0 DNC,18.0 DNC,18.0 DNC,18.0 DNC,18.0 DNC,18.0 DNC,18.0 DNC
gps,Wingfoil,5,Jun Hao Lo,Lo Jun Hao,21,M,,Aloha Sea Sports Centre,162,126,,(18.0 DNC),(18.0 DNC),18.0 DNC,18.0 DNC,18.0 DNC,18.0 DNC,18.0 DNC,18.0 DNC,18.0 DNC
